id,name,published_date,description,geography,source_url,topics,sectors,status,updated_date
CCLW.document.i00000010.n0000,Just Energy Transition Investment Plan,2022-04-11 00:00:00+00:00,"The Just Energy Transition Investment Plan sets out the investments required between 2023-2027 to achieve South Africa's decarbonisation commitments in its NDC (2021). The preamble of the Plan states that it ""gives effect"" to the Just Energy Transition Partnership agreed at COP26 between South Africa and the governments of France, Germany, United Kingdom, United States and the European Union. The Plan was developed along the Just Transition Framework. The Plan covers the electricity sector, new energy vehicle sector, green hydrogen sector, cross-cutting investments and also sets out policies relating to financing and implementing the Plan.&nbsp;
",south africa,https://pccommissionflo.imgix.net/uploads/images/South-Africas-Just-Energy-Transition-Investment-Plan-JET-IP-2023-2027-FINAL.pdf,"[""mitigation""]",water,active,2025-04-04 02:50:12.956000+00:00
CCLW.document.i00000796.n0000,"Natural Disaster Management Act, 1998 (No. 21 of 1998)",,"This Act makes provision for measures to better manage the state of calamity caused by a natural disaster. It provides for the establishment of the National Disaster Management Council, the National Disaster Management Office and the National Emergency Operation Centre and for the appointment of the National Disaster Controller, the National Disaster Co-ordinator and the Disaster Service Liaison Officer.
",fiji,https://www.laws.gov.fj/Acts/DisplayAct/733,"[""adaptation"",""disaster risk management""]",health,active,2025-03-03 10:59:53.464000+00:00
CCLW.document.i00000011.n0000,Just Energy Transition Investment Plan,,"The Just Energy Transition Investment Plan sets out the investments required between 2023-2027 to achieve South Africa's decarbonisation commitments in its NDC (2021). The preamble of the Plan states that it ""gives effect"" to the Just Energy Transition Partnership agreed at COP26 between South Africa and the governments of France, Germany, United Kingdom, United States and the European Union. The Plan covers the electricity sector, new energy vehicle sector, green hydrogen sector, cross-cutting investments and also sets out policies relating to financing and implementing the Plan. The Plan was developed along the Just Transition Framework.
",south africa,https://pccommissionflo.imgix.net/uploads/images/South-Africas-Just-Energy-Transition-Investment-Plan-JET-IP-2023-2027-FINAL.pdf,"[""mitigation""]",agriculture,active,2025-03-22 12:37:49.347000+00:00
CCLW.document.i00001293.n0000,Zimbabwe Vision 2030,2020-01-09 00:00:00+00:00,"Zimbabwe Vision 2030 embodies the aspirations towards a Prosperous Upper Middle-Income Nation by 2030, in line with the Sustainable Development Goals and African Union Agenda 2063. It provides for plans to partner with development partners to “broaden climate change mitigation and adaptation activities to include critical elements such as water management and harvesting measures to mitigate the effects of drought, respect for biodiversity and wetland management issues.”

",zimbabwe,https://faolex.fao.org/docs/pdf/zim203768.pdf,"[""mitigation"",""adaptation""]",transportation,inactive,2025-03-24 23:51:26.966000+00:00
CCLW.document.i00000344.n0000,National Climate Agreement (Klimaatakkoord),,"The National Climate Agreement builds on the Energy Accord, but rather than focusing solely on energy policy, it addresses all greenhouse gas emissions. In 2023 the emission reduction targets of the National Climate Agreement were further hardened through the Coalition Agreement 2021-2025. In order to achieve these targets, additional measures were introduced in “Sharp targets, sharp choices”, a report one national climate policy for 2030 and 2050, which included the following commitments:
The 2019 agreement set out a strategy to achieve 49% reduction of CO2 emissions by 2030 compared to 1990 levels, and 95% by 2050. The new and hardened target of the National Climate Agreement contains a net zero pledge. The goal is to be climate-neutral by 2050 at the latest, and achieve a 55% reduction in CO2 emissions by 2030 compared to 1990 levels. In order to achieve the ambition for 2030 the target for policy is focused on reducing CO2 emissions by 60% in 2030. To meet this end, the government also presented an additional climate package on the 26th of April, 2023. This includes a €35 billion climate and transition fund for the next 10 years.
Overall, the National Climate Agreement came as a response to the Urgenda case and in parallel to the Climate Act. It details agreements made with the following sectors: electricity, industry, built environment, traffic and transport, and agriculture. The Agreement also introduces a carbon tax, applicable to industry and levied against emissions that exceed the EU ETS Benchmarks (after the deduction of a predefined reduction path). The tax applies to all installations in the EU ETS, as well as waste incinerators and large emitters of non-CO2 GhGs, such as N2). The CO2 tax levy will start at €30/t CO2 in 2021 and will increase each year by €10.56, up to a rate of €125/t CO2 in 2030. The annual additional costs associated with the Climate Agreement are estimated to be less than 0.5% of GDP in 2030.
The National Climate Agreement contains commitments with five sectors on the measures they will take over the next 10 years and beyond to meet climate targets. The following targets are decided upon per sector:

Electricity: in 2030 the Netherlands want 70% of all electricity to come from wind turbines on sea and land, and solar panels on roofs and solar parks. By 2050 the Netherlands wants to be completely free from fossil fuels, like coal and gas&nbsp;
Industry: by 2050 the industry is circular, and “emits virtually no more greenhouse gases”
Mobility: by 2050 Dutch traffic and all transport will no longer emit harmful exhaust gases and CO2
The built environment: by 2050, 7 million homes and 1 million buildings need to be off natural gas
Agriculture and land-use: by 2050, agriculture and land-use will be climate neutral&nbsp;

",netherlands,https://open.overheid.nl/documenten/ronl-bc161bc1-4cb6-4f50-919a-8a1e14e58c01/pdf,"[""adaptation"",""mitigation""]","agriculture, water",inactive,2025-02-10 09:00:25.604000+00:00
CCLW.document.i00000910.n0000,Public Investment Fund Green Finance Framework,2022-01-02 00:00:00+00:00,"The Public Investment Fund (PIF) of Saudi Arabia has established a Green Finance Framework that sets out its strategy for contributing to the achievement of the country’s climate targets, including the development of renewable energy sources. The Framework sets out which projects are eligible for ‘green financing’, in line with international standards (such as the ICMA’s Green Bond Principles 2021).&nbsp;&nbsp;
",saudi arabia,https://www.pif.gov.sa/en/our-financials/green-finance-framework/,"[""mitigation""]","forestry, transportation",inactive,2025-02-24 07:50:39.924000+00:00
CCLW.document.i00001310.n0000,National Biodiversity Strategy and Action Plan,2014-01-08 00:00:00+00:00,"The National Biodiversity Strategy and Action Plan is a framework to guide the conservation and sustainable use of biodiversity and associated ecosystems in Zimbabwe from 2015 to 2020. It provides actions and strategies for ecosystem-based climate change mitigation and adaptation.

",zimbabwe,https://faolex.fao.org/docs/pdf/zim163434.pdf,"[""adaptation"",""mitigation""]",agriculture,active,2025-02-04 13:43:05.375000+00:00
CCLW.document.i00000408.n0000,Regulation on Ozone-Depleting Substances ,2017-07-04 00:00:00+00:00,"This document seeks to enforce regulating mechanisms on the use and destruction of substances that deplete the ozone layer. It is enlisted as one of the relevant laws contributing to climate change mitigation in Turkey’s 2023 Nationally Determined Contributions (NDC).&nbsp;&nbsp;
",turkey,https://faolex.fao.org/docs/pdf/tur171509.pdf,[],"agriculture, forestry",active,2025-03-31 17:59:33.226000+00:00
CCLW.document.i00000263.n0000,Electricity Act,,"The Electricity Act (E-Act) 1998 is an important basis for the creation of the electricity market in the Netherlands. By establishing this market, producers and suppliers of electricity were able to offer electricity on a market.On April 9, 2018, the Energy Transition Act (wet VET) was adopted to amend the 1998 document and the Gas Act. The objective of this Act is to make the uptake of renewable energies in the country easier by reviewing extensively and in much detail the previous legal framework.The Act allowed for distribution companies and large consumers could buy electricity from generators other than the local one. While the Act limited large-scale production to the existing generators, it also allowed self-generation by industry and CHP production by industrial firms or by joint ventures involving distribution companies. The Act forced distribution companies to take in all electricity that was locally generated and supplied to them, and to pay a feed-in tariff essentially equal to the avoided costs.The E-Act also established, as of August 1, 1998, DTe, the independent regulator for the energy sector, as a chamber of the Dutch competition authority NMa. DTe was charged with supervising the sector and had the responsibility to guarantee non-discriminatory access to the grid for generators and to regulate the prices of the captive end users. The law forced energy companies to split their tariffs into network tariffs (including systems services) and tariffs for energy use as of the year 2000. DTe regulated the network tariffs and the final tariffs of the captive users, with the law imposing an RPI-X formula and the '1996=2000 principle' stating that overall prices in the year 2000 could not be higher than those that prevailed in 1996.As of 1 April 2014, the regulation for the feed-in tariff (SDE+) for 2014 has opened. This regulation includes the following features: a budget ceiling is established for all types of renewable energy such as wind, geothermal, solar photovoltaic, biomass and hydro phased opening a ‘free category' to enhance investments in certain technologies; feed-in tariff granted for a certain period (5, 12 or 15 years); a maximum subsidy amount for the Netherlands, to be determined annually (EUR3.5bn, USD5.4bn in 2014).Since its introduction in 1998 several amendments have been made to incorporate new elements such as the transposition of EU Directives. Several changes have been introduced in the E- Act in 2010, such as smart metering and congestion management rules for electricity) in order to improve the Dutch energy market.&nbsp;
New Energy Act 
Currently, a bill for a new Energy Act has been proposed to the Dutch parliament, which will be the legal foundation of the Dutch energy transition. This Act is now under discussion in the House of Representatives (Second Chamber) before it will be proposed to the Senate, who can either adopt or reject the bill. It will replace the current Gas Act and Electricity Act 1998, and provides a future-proof legislative framework for the energy transition, aimed at modernising and updating the regulative framework for electricity and gas. It also re-implements the EU Clean Energy Package (Directive 2019/944 on common rules for the internal market in electricity). &nbsp;
",netherlands,https://zoek.officielebekendmakingen.nl/stb-2020-236.pdf,"[""mitigation""]","finance, energy",active,2025-03-14 21:17:08.381000+00:00
CCLW.document.i00000012.n0000,Just Transition Framework for South Africa,2020-09-09 00:00:00+00:00,"At its Sixth Meeting held on 27 May 2022, the Presidential Climate Commission (PCCC) adopted the Just Transition Framework. A final version was published in July 2022, with policy recommendations. According to the PCC, the Just Transition Framework is a planning tool for achieving a just transition in South Africa, setting out the actions that the government and its social partners will take to achieve a just transition, and the outcomes to be realised in the short, medium, and long term. The Just Transition Framework is organised into seven main actions: (1) Foundations on which the framework builds; (2) Definition of a Just Transition for South Africa; (3) Principles to guide the transition; (4) At-risk sectors and value chains; (5) Key policy areas to give effect to the transition; (6) Effective governance arrangements; (7) Financing a Just Transition.
",south africa,https://pccommissionflo.imgix.net/uploads/images/A-Just-Transition-Framework-for-South-Africa-2022.pdf,[],forestry,active,2025-02-27 17:35:26.876000+00:00
CCLW.document.i00001039.n0000,Resolution 156/ 2014 from the National Water Resources Council,2014-09-06 00:00:00+00:00,"It establishes guidelines for education capacity building, social mobilization, information and communication for perception of risks and vulnerabilities, and prevention, mitigation and increase resilience to water-related disasters.
",brazil,https://www.ceivap.org.br/ligislacao/Resolucoes-CNRH/resolucao-cnrh-156.pdf,"[""mitigation"",""adaptation""]","finance, agriculture",active,2025-02-09 05:18:56.840000+00:00
CCLW.document.i00001425.n0000,Law No. 121 on offshore wind energy,,"In May 2024, Romania adopted its first offshore wind energy law. The law creates the legislative framework to develop offshore wind projects in the Romanian Black Sea.
",romania,https://www.cdep.ro/pls/legis/legis_pck.htp_act?ida=203222,"[""mitigation""]","forestry, industry",active,2025-02-17 23:13:33.803000+00:00
CCLW.document.i00000016.n0000,"Decree 2015-1850 of December 29, 2015 taken pursuant to Article L. 533-22-1 of the Monetary and Financial Code",2023-01-01 00:00:00+00:00,"This Decree replaces Article D. 533-16-1 of the Monetary and Financial Code. It elaborates on the standard of information that entities and portfolio management companies, to which the Code applies, must disclose around their ESG investment policies. Article 1.III states that the criteria related to environmental objectives must include an assessment of physical and transition risks, and an assessment of the entity's progress towards achieving the objectives of the energy and ecological transition (set out in Article L. 533-22.1 of the Monetary Code).&nbsp;
",france,https://www.legifrance.gouv.fr/jorf/id/JORFTEXT000031740341,"[""mitigation""]",energy,active,2025-03-18 05:56:39.479000+00:00
CCLW.document.i00001122.n0000,Plan of Phase out or Reconversion of Coal Units,,"This policy document from the Ministry of Eenergy sets out the outcomes of the Phase Out and/ or Reconversion of Coal Units Roundtable"" and the resulting ""Zero Carbon Energy Agreement"" reached between the Ministry of Energy and coal-fired power plant owners in 2019. The document lays out plans for further roundtable meetings every 5 years to set further phase out schedules.
",chile,https://energia.gob.cl/sites/default/files/folleto_estrategia_desc_eng_30102020.pdf,"[""mitigation""]","education, industry",active,2025-02-19 09:23:55.759000+00:00
CCLW.document.i00001434.n0000,Carbon Management Strategy,,"In February 2024, Germany approves a new carbon management strategy, setting out the use of CCS / CCU.&nbsp;
",germany,https://www.bmwk.de/Redaktion/DE/Downloads/E/240226-eckpunkte-cms.pdf?__blob=publicationFile&v=12,"[""mitigation""]","energy, water, healthcare",active,2025-03-18 00:24:50.426000+00:00
CCLW.document.i00000020.n0000,Monetary and Financial Code,2023-03-08 00:00:00+00:00,"Article L533-22-1 of the Monetary and Financial Code of France was modified with the passage of France's Law 2015-992 in 2015. In the current version of Article L533-22-1, which has been in force since March 2021, portfolio management companies must include information on the risks associated with climate change (as well as on risks linked to biodiversity), as part of their compliance with the obligations set out in Article 3 of the EU Regulation 2022/1288, which contains the technical standards financial market participants must be when disclosing sustainability-related information under the Sustainable Finance Disclosures Regulation (SFDR). If companies choose not to publish certain pieces of information in their statements, they must justify why they have not done so.&nbsp;
",france,https://www.legifrance.gouv.fr/codes/article_lc/LEGIARTI000039369676,"[""mitigation""]","water, finance",inactive,2025-02-15 01:51:25.615000+00:00
CCLW.document.i00000397.n0000,National Water Basin Management Strategy 2014-2023,2014-04-07 00:00:00+00:00,"This strategy aims to improve watershed management and biodiversity conservation, by preventing environmental degradation in water catchment basins, promoting effective agricultural practices, and developing a biodiversity monitoring system. It further seeks to integrate climate change mitigation and adaptation strategies in water basin management to increase resilience against climate-change related disasters.&nbsp;&nbsp;
",turkey,https://faolex.fao.org/docs/pdf/tur180975.pdf,"[""adaptation""]","agriculture, tourism",active,2025-02-24 00:10:30.508000+00:00
CCLW.document.i00001257.n0000,Anti-greenwashing rule ,,"The Financial Conduct Authority (FCA) Handbook includes an 'anti-greenwashing rule' (ESG 4.3.1R), which applies to all communications that mention sustainability-linked characteristics of products or services available for clients in the UK by FCA-authorised firms. The rule tooke ffect from 31 May 2024.&nbsp;
",united kingdom,https://www.handbook.fca.org.uk/handbook/ESG/4/3.html?date=2104-01-01,"[""mitigation""]",forestry,active,2025-03-23 08:51:27.365000+00:00
CCLW.document.i00000022.n0000,Commercial Code,2023-03-08 00:00:00+00:00,"Article L225-102-1 of France's Commercial Code includes provisions on non-financial disclosure obligations for companies to which the Code applies. Companies that exceed certain thresholds set by the Council of State (in Article L 225-100), are required to produce a declaration of extra-financial performance in their management reports. Companies that are mentioned in article L. 233-16 are required to publish a consolidated statement of their extra-financial performance exceed certain thresholds, also set by decree in the Council of State. The declaration must include particular information relating to the impact of the company on climate change (as well as the company's social commitments on sustainable development, the circular economy, measures to reduce food waste and to reduce food insecurity, as well as other SDG and ESG linked measures). The information the company must provide relating to its climate change impacts must include direct and indirect greenhouse gas emissions linked to transport activities upstream and downstream of the company's activities (scope 3 emissions) and must be accompanied by an action plan aimed at reducing these emissions (in particular, through the use of rail and river-based transport methods, as well as biofuels with a low carbon footprint, and electromobility).
",france,https://www.legifrance.gouv.fr/codes/id/LEGIARTI000047926145/2023-08-03,"[""mitigation""]","industry, water",active,2025-04-03 12:55:08.868000+00:00
CCLW.document.i00000024.n0000,"Law on Spatial Planning and Construction 2013, amended in 2019 ",2013-01-04 00:00:00+00:00,"This law outlines the methodological approach to designing spatial planning documents, with a focus on climate change. It encourages energy-efficient building, inclusion of bio-climactic factors in location selection of buildings, and consideration of protective measures against natural disasters and technical failures.&nbsp;
",bosnia and herzegovina,https://www.paragraf.ba/propisi/republika-srpska/zakon-o-uredjenju-prostora-i-gradjenju.html,"[""adaptation"",""disaster risk management""]",education,active,2025-03-20 23:04:51.377000+00:00
CCLW.document.i00000040.n0000,Decree on the Types of Activities and Gases with a Greenhouse Effect,2021-12-02 00:00:00+00:00,"This Decree is based on the provisions of Serbia’s Law on Climate Change. It specifies the types of greenhouse gases (GHG) and greenhouse gas emitting activities required to obtain permits and submit monitoring plans. It further determines types of aviation activities for which permits and monitoring plans are not mandatory.
",serbia,https://www.pravno-informacioni-sistem.rs/SlGlasnikPortal/eli/rep/sgrs/vlada/uredba/2022/13/1,"[""mitigation""]","buildings, energy",active,2025-04-03 10:07:38.554000+00:00
CCLW.document.i00001407.n0000,Decree no. 20 - National Forestry Strategy 2018 - 2050,,"This Decree approves the National Forestry Strategy 2018-20150, which aims to increase forest cover, stimulate the sustainable forestry industry, conserve Panama’s forest heritage as an important basis for ecosystems and mitigate the effects of climate change.
",panama,https://faolex.fao.org/docs/pdf/pan189959.pdf,"[""mitigation""]",industry,active,2025-03-06 12:10:51.164000+00:00
CCLW.document.i00000042.n0000,Regulation on Fuel Economy Data and CO2 Emissions for New Passenger Vehicles,,"This regulation is based on the provisions of the Serbian Law for Climate Change. It seeks to reduce greenhouse gas emissions and air pollutants by regulating the label content, model, and promotional materials of new passenger vehicles in the Republic of Serbia.
",serbia,https://www.pravno-informacioni-sistem.rs/SlGlasnikPortal/eli/rep/sgrs/ministarstva/pravilnik/2022/107/1/reg,"[""mitigation""]",industry,active,2025-02-13 16:57:02.656000+00:00
CCLW.executive.10000.4494,National Home Retrofit Scheme 2020 (One Stop Shop Development Call),2020-01-01 00:00:00+00:00,"This scheme is aimed at engaging groups of private households, registered Housing Associations and Local Authorities and Energy Utilities or other organisations who wish to participate in delivering a “One Stop Shop” type service for energy efficiency works.
",ireland,https://www.seai.ie/grants/national-home-retrofit/National-Home-Retrofit-Scheme-Guidelines.pdf,"[""mitigation""]",health,active,2025-03-17 06:24:47.621000+00:00
CCLW.document.i00000678.n0000,Law on power market,2017-08-12 00:00:00+00:00,"The present law was signed by the Polish President in December 2017. The law aims at enhancing the security of electricity supply and new energy capacity sources, especially renewables. The law introduces a market-wide capacity mechanism. Generation and demand-response capacity providers will be able to receive remuneration for their availability to generate electricity or to reduce their electricity consumption.
",poland,https://monitorpolski.gov.pl/D2021000150501.pdf,"[""mitigation""]",education,inactive,2025-03-30 21:56:55.197000+00:00
CCLW.executive.10183.4768,National Security Strategy 2018,2018-01-01 00:00:00+00:00,"The National Security Strategy builds on the National Security Policy 2017-2022 to implement necessary changes, including on climate change aspects. It integrates the State’s major security policies, goals, responsibilities and courses of action into a roadmap or blueprint for the fulfilment of the national security vision.",philippines,https://apcss.org/wp-content/uploads/2020/02/Philippines-National_Security_Strategy_2018.pdf,"[""adaptation"",""disaster risk management"",""mitigation"",""loss and damage""]",education,active,2025-02-07 11:49:47.450000+00:00
CCLW.executive.10038.rtl_289,Green hydrogen roadmap,2020-06-10 00:00:00+00:00,This document aims at fostering the production and use of green hydrogen in Spain. The government announced that it will invest 1.5 billion euros by 2023 to foster the production of renewable-energy-sourced hydrogen in the country.,spain,https://cpr-prod-cclw-document-admin-store.s3.eu-west-1.amazonaws.com/hoja_de_ruta_del_hidrogeno.pdf,"[""mitigation""]",energy,active,2025-03-19 12:24:18.596000+00:00
CCLW.executive.10044.4522,Suriname National REDD+ Strategy,,This document aims to protect Suriname's forests and enhance its carbon storage facilities.,suriname,https://redd.unfccc.int/files/national_redd__strategy_of_suriname_en_web.pdf,"[""mitigation""]","buildings, finance",active,2025-03-24 21:26:16.208000+00:00
CCLW.document.i00000618.n0000,The Electricity Proclamation (No. 86-1997),1997-07-07 00:00:00+00:00,"The proclamation establishes the Ethiopian Electricity Agency (EEA) as an autonomous federal government organ (later changed to Ethiopian Energy Agency). The Agency's mandate is to regulate the operation of the energy sector on technical and economic issues - from standards, efficiency and reliability, to tariffs.
",ethiopia,https://land.igad.int/index.php/documents-1/countries/ethiopia/urbanization-1/laws/368-electricity-proclamation-1997/file,"[""mitigation""]","energy, education",active,2025-03-14 12:52:58.923000+00:00
CCLW.document.i00000638.n0000,National climate change strategy for the waste sector 2021,,"The vision of the National Climate Change Strategy for the Waste Sector is to effectively and sustainably manage solid and liquid waste in all of Madagascar's communes by strengthening the institutional, organisational and legal framework, building capacity for the implementation of the UNFCCC and the Paris Agreement at national level, and improving the quality of waste management.
In line with the commitments made by the Malagasy government, the strategy has 6 priority areas:

Strengthen the institutional arrangement and the legal and regulatory framework for the waste sector, by taking account of the climate change dimension
Implementation of a capacity-building plan for all stakeholders involved in greenhouse gas inventories, the data collection and management system, waste recovery and reporting
Development of a data exchange flow mechanism through the promotion of inter ministerial collaboration
Strengthen the monitoring and evaluation system
Establishment of a sustainable funding and budget programming mechanism
Implementation of a skills and technology transfer mechanism

",madagascar,https://www.environnement.mg/wp-content/uploads/2021/04/STRATEGIE-NATIONALE-DU-CHANGEMENT-CLIMATIQUE-POUR-LE-SECTEUR-DECHET.pdf,[],"forestry, finance",active,2025-02-20 14:23:16.195000+00:00
CCLW.executive.10092.0,Decree 786/04,2004-09-08 00:00:00+00:00,"This document creates the Offices of Climate Change and Clean Development Mechanism.
",dominican republic,https://faolex.fao.org/docs/pdf/dom135427.pdf,"[""adaptation"",""mitigation""]",waste,active,2025-02-07 02:49:22.910000+00:00
CCLW.executive.10010.4530,National Strategy for REDD+ 2017-2030 (ENAREDD+),,This document sets Mexico's strategy to protect its forests.,mexico,https://climate-laws.org/rails/active_storage/blobs/eyJfcmFpbHMiOnsibWVzc2FnZSI6IkJBaHBBaFVPIiwiZXhwIjpudWxsLCJwdXIiOiJibG9iX2lkIn19--499ed3a37e9aca8721d10424e6258eca9f7a3c1b/InterioresENAREDD-final-170817%20BAJA%20web%20(1).pdf,"[""adaptation"",""mitigation""]",agriculture,active,2025-02-23 08:23:46.495000+00:00
CCLW.document.i00000681.n0000,"Act on Renewable Energy Sources ('RES Act', Dz.U. 2015 poz. 478)",,"
This Act defines the new regime for support to renewable energy sources (including wind energy, energy radiation of the sun, solar, aerothermal, geothermal, hydrothermal energy, hydropower, waves, currents error and tidal energy obtained from biomass, biogas, agricultural biogas and bioliquid - art. 2.22), aiming to stabilise the long-term support system, with the goal to prevent electricity prices form increasing in an uncontrolled manner. The Act also transposes the Directive 2009/28/EC on renewable energy into Polish legislation and aims to contribute to Poland's target of reaching 15% share of renewable energy production by 2020. The Act will provide continuing support to most existing installations (in operation by or before 31 December 2015) through certificates of origin, while future investments will compete for support through an auction system organised by the President of the Energy Regulatory Office (ERO). The auctions, applying to new installations over 10 kW of installed capacity, will be based on a type of contract-for-difference (CfD) granted, with separate auctions for old and new plants and for plants of 1 MW or less, as well as varied reference prices for the eighteen renewable sources reference groups. The chosen renewable plants will have to start generation within 24 months (solar plants), 72 months (wind plants) or 48 months (others), and they will be required to deliver at least 85% of the volume offered in the bid, under threat of penalty. The energy auctioned will be bought by the newly formed state-owned entity Operator Rozlicze? Energii Odnawialnej (for energy produced in installations above 500kW) or by electricity distribution companies (for energy produced in installations up to 500kW). Most existing installations will also be eligible to change to the auction support instrument from the current certificates of origin, except for hydropower plants over 5 MW, non-qualified biomass co-firing installations (art. 44) and biomass installations exceeding 50 MW of electrical power (or 150 MW of CHP power). The existing installations will continue to be eligible for the existing system of support through certificates of origin (introduced through the 1997 Energy Law), but a number of limits will apply:&nbsp;

support for max 15 years from the start of renewable energy production in the given installation;
support for hydropower of max 5 MW of capacity;
support for biomass co-firing installations of less than 150 MW capacity capped to equivalent of the average generation over 2011-2013;
large consumers (over 100 GWh of electricity consumed annually) and commodity brokerage houses are required to obtain certificates of origin for 14% and 15% of their annual electricity consumption for 2015 and 2016 respectively or pay the substitution fee. From 2017 the share is min 20%, but can be reduced by the Minister of Economy, if necessary due to specific market conditions. A unit substitution fee is set to a constant 300.03 PLN/MWh (2014 level, approx. 72 €/MWh), which should stabilise the price of certificates, as purchasing and redeeming of certificates of origin will only be allowed if the average market price of certificates remains below 75% of the substitution fee.



The Act also introduces a feed-in tariff system for micro installations of up to 10 kW (max 40 kW under special conditions - art. 41.7), while guaranteeing purchase by electricity distribution companies at 100% of market price for the next 15 years, until no later than December 31, 2035 (art. 41.5). The support also covers the so-called ‘prosumers,' who both produce and consume their own electricity. The subsidies amount to PLN 0.75 (EUR 0.18) per kWh to prosumers with a capacity of up to 3 kW (hydropower, wind, solar), and PLN 0.40-0.70 (EUR 0.10-0.17) for those with a capacity between 3 and 10 kW (biogas, hydropower, wind, solar). Moreover, there are no licensing/concession requirements for those micro generators that do not have active business. The Act was amended in June 2018, alongside the 2016 Act on investments in wind power and the 1994 Construction Act, in order to boost offshore wind investment. It was further amended in August 2019 to extend the agreements on grid connection and updates the auction mechanism.The Act was notably amended by bill 1129/2021 to extend the period for auctions of energy sales, set auction volumes, and remove obligations for small producers of renewable energy.
",poland,https://monitorpolski.gov.pl/D2022000237001.pdf,"[""mitigation""]",waste,active,2025-03-30 18:14:14.188000+00:00
CCLW.document.i00000721.n0000,The National Strategy on Adaptation to Climate Change 2022-2030 (First version),,"The National Strategy on Adaptation to Climate Change for the period 2022- 2030 to 2050 (SNASC) and the National Action Plan for implementation of the National Strategy on Adaptation to Climate Change (NSSAC) focus on adaptation strategies in the following sectors/areas:

Forests
Biodiversity and ecosystem services
Population, public health and air quality
Education and awareness
Cultural heritage
Urban systems
Agriculture and rural development
Energy
Transport
Tourism
Industry

",romania,https://www.mmediu.ro/app/webroot/uploads/files/SNASC_SEA_2022.pdf,"[""adaptation""]",health,active,2025-03-10 11:41:25.597000+00:00
CCLW.document.i00000787.n0000,Disclosure Standards for ESG funds ,2023-05-10 00:00:00+00:00,"These Standards require an ESG-related fund to disclose its ESG objectives and the standards and processes used to select the underlying ESG investments.&nbsp;
",south korea,https://www.fss.or.kr/fss/bbs/B0000188/view.do?nttId=130716&menuNo=200218&cl1Cd=&sdate=&edate=&searchCnd=1&searchWrd=esg&pageIndex=1,"[""mitigation""]","water, forestry",active,2025-03-01 08:48:24.868000+00:00
CCLW.document.i00000869.n0000,National Employment Policy,2018-01-01 00:00:00+00:00,"The National Employment Policy aims to improve the employment opportunities in Fiji to cope with socio-economic developments as well as climate change and natural disasters. The policy places emphasis on a just transition for the work force in the context of climate change by identifying and promoting green jobs and new green skill sets.&nbsp;
",fiji,https://faolex.fao.org/docs/pdf/fij199548.pdf,"[""adaptation""]",water,active,2025-03-21 02:30:55.110000+00:00
CCLW.document.i00001159.n0000,Botswana Integrated Water Resources Management & Water Efficiency Plan,2013-01-05 00:00:00+00:00,"As a semi-arid country, Botswana experiences drought years which are intensified by climate change and fresh-water supply issues. The plan therefore uses integrated solutions for water resources management, which were developed through stakeholder consultations. The resulting strategic areas are for example efficiency of water allocation; or water supply and demand management.
",botswana,https://www.gwp.org/globalassets/global/activities/impact-stories/further-reading/iwrm-we-plan.pdf,"[""adaptation""]","tourism, finance",active,2025-02-17 20:35:58.110000+00:00
CCLW.document.i00001160.n0000,Botswana Integrated Water Resources Management & Water Efficiency Plan,2013-01-05 00:00:00+00:00,"As a semi-arid country, Botswana experiences drought years which are intensified by climate change and fresh-water supply issues. The plan therefore uses integrated solutions for water resources management, which were developed through stakeholder consultations. The resulting strategic areas are for example efficiency of water allocation; or water supply and demand management.
",botswana,https://www.water.gov.bw/images/Reports/Final%20Botswana%20IWRM%20WE%20Plan%20Vol%202%20Version%204%20(Web-Optimised).pdf,"[""adaptation""]",transportation,inactive,2025-03-24 23:38:32.296000+00:00
CCLW.executive.10102.5043,National Hydrogen Strategy,,The government approved its hydrogen strategy in May 2020.,hungary,https://cdn.kormany.hu/uploads/document/6/61/61a/61aa5f835ccf3e726fb5795f766f3768f7f829c1.pdf,"[""mitigation""]","industry, tourism",inactive,2025-03-17 23:55:27.612000+00:00
CCLW.document.i00001093.n0000,Action Plan to Reduce CO2 Emissions from Brazilian Civil Aviation ,2019-01-12 00:00:00+00:00,"This action plan establishes a permanent Working Group within the National Civil Aviation Secretariat to coordinate activities related to the preparation of the Action Plan to reduce greenhouse gas emissions from civil aviation.
",brazil,https://www.anac.gov.br/assuntos/paginas-tematicas/meio-ambiente/arquivos/PlanodeAo2019ptbr.pdf,"[""mitigation""]","health, agriculture",active,2025-02-22 05:11:14.560000+00:00
CCLW.document.i00001163.n0000,National Disaster Risk Management Plan (NDRMP) 2009,2009-01-10 00:00:00+00:00,"The National Disaster Risk Management Plan provides a framework for sectors and stakeholders to prepare disaster risk reduction and emergency management plans for natural and man-made hazards and vulnerabilities. Climate change is considered as a major phenomenon that intensifies the frequency of disasters and thus features strongly in the report.&nbsp;
",botswana,https://faolex.fao.org/docs/pdf/bot168025.pdf,"[""disaster risk management""]",finance,active,2025-03-11 08:01:11.709000+00:00
CCLW.executive.10388.5080,"Decree of December 10, 2021 creating a program as part of the system of energy savings certificates",,This decree extends the Advenir programme to 2025 and sets new funds and targets for new charging points.,france,https://advenir.mobi,"[""mitigation""]","health, water",inactive,2025-03-31 02:42:47.315000+00:00
CCLW.document.i00000044.n0000,"Directive 2023/2413 (Renewable Energy Directive) amending Directive (EU) 2018/2001 on the promotion of the use of energy from renewable sources, Supplementing Regulation 2019/807 and Commission Implementing Regulation 2022/996",2018-11-12 00:00:00+00:00,"This document establishes a common framework for the promotion of energy from renewable sources. It sets a binding Union target for the overall share of energy from renewable sources in the Union's gross final consumption of energy in 2030. It also lays down rules on financial support for electricity from renewable sources, on self-consumption of such electricity, on the use of energy from renewable sources in the heating and cooling sector and in the transport sector, on regional cooperation between Member States, and between Member States and third countries, on guarantees of origin, on administrative procedures and on information and training. It also establishes sustainability and greenhouse gas emissions saving criteria for biofuels, bioliquids and biomass fuels. Supplementing Regulation 2019/807 lays down the criteria for determining high indirect land-use change-risk feedstock for which a significant expansion of the production area into land with high carbon stock is observed and the certification of low indirect land-use change-risk biofuels, bioliquids and biomass fuels.As part of the EU's 'Fit for 55' package, a legislative package that aims to align the EU's climate, energy, land use, transport, and taxation policies with a GHG emissions reduction target of 55% by 2030 (compared with 1990 levels), this Directive has been reformed to set an overall binding renewable energy target of at least 42.5% in the EU's energy mix by 2030, while aiming for a target of 45%. Among the most important updates to the Directive are new provisions on bioenergy, targeted at preventing the degradation of carbon sinks and biodiversity loss associated with existing practices.&nbsp;
",european union,https://eur-lex.europa.eu/legal-content/EN/TXT/?uri=CELEX%3A32023L2413&qid=1699364355105,"[""mitigation""]",agriculture,active,2025-04-01 11:17:53.255000+00:00
CCLW.document.i00001166.n0000,Botswana Eleventh National Development Plan,2009-01-01 00:00:00+00:00,"Botswana's NDPs are grand scheme policy frameworks, which define the country's medium-term development goals and strategies. The current plan started in April 2017 and runs until March 2023. The 11th NDP is the second of its kind to incorporate a results-based approach. Contrary to the 10th plan, the current document, the current plan does refer to climate change as a more explicit issue, and formulates two priorities: sustainable human settlements, and financing of sustainable environment progmrammes. In the transport sector, the plan details its capacity with regard to biodiesel. The plan lists several climate change relevant initiatives and programmes in the forestry and energy sectors, including: the Community-Based Natural Resource Management Programme and the Renewable Energy-Based Rural Electrification Programme.
",botswana,https://botswana.un.org/sites/default/files/2020-10/NDP%2011%20full%202017.pdf,"[""mitigation"",""adaptation""]",industry,active,2025-03-28 21:12:48.144000+00:00
CCLW.executive.10309.4964,Liberia National Vision 2030,,"This document aims to formulate a shared, long-term national and global vision for Liberia. The stated 'building blocks' of the vision are: economic prosperity; social and demographic harmony; democracy; environmental protection; cultural vibrance; and technological innovation.",liberia,https://climate-laws.org/rails/active_storage/blobs/eyJfcmFpbHMiOnsibWVzc2FnZSI6IkJBaHBBbThPIiwiZXhwIjpudWxsLCJwdXIiOiJibG9iX2lkIn19--fbb0e75b57bafb9e128c78066a09cdfbba459a38/Liberia%20Vision%202030.pdf,"[""adaptation"",""disaster risk management"",""mitigation""]",industry,inactive,2025-02-15 13:09:59.788000+00:00
CCLW.executive.10463.5287,"Ordinance 65/2014 approving the Regulations for crop insurance and loss compensation, integrated into the Integrated System of Protection against adverse climate events",2014-12-03 00:00:00+00:00,"This ordinance approves tegulations on crop insurance and loss compensation, integrated into the Integrated System for the Protection against adverse climate events (SIPAC), approved by Decree-Law no. 23/2000, of 2 March.",portugal,https://dre.pt/dre/detalhe/portaria/65-2014-571897,"[""adaptation"",""loss and damage""]","tourism, transportation",active,2025-03-15 17:31:12.519000+00:00
CCLW.document.i00001328.n0000,Emergency Decree 320/2023,,"This decree introduces a carbon tax for Hungary’s 40 largest emitters. This tax penalises the trade in ETS credits.&nbsp;
",hungary,https://net.jogtar.hu/jogszabaly?docid=a2300320.kor,[],"agriculture, energy",inactive,2025-02-16 10:13:42.258000+00:00
CCLW.document.i00001167.n0000,Botswana Eleventh National Development Plan,2009-01-01 00:00:00+00:00,"Botswana's NDPs are grand scheme policy frameworks, which define the country's medium-term development goals and strategies. The current plan started in April 2017 and runs until March 2023. The 11th NDP is the second of its kind to incorporate a results-based approach. Contrary to the 10th plan, the current document, the current plan does refer to climate change as a more explicit issue, and formulates two priorities: sustainable human settlements, and financing of sustainable environment progmrammes. In the transport sector, the plan details its capacity with regard to biodiesel. The plan lists several climate change relevant initiatives and programmes in the forestry and energy sectors, including: the Community-Based Natural Resource Management Programme and the Renewable Energy-Based Rural Electrification Programme.
",botswana,https://faolex.fao.org/docs/pdf/bot175356.pdf,"[""mitigation"",""adaptation""]","forestry, industry",active,2025-02-28 14:13:18.946000+00:00
CCLW.executive.10244.4858,National Economic and Social Development Plan 2016-2020,2016-01-01 00:00:00+00:00,"The 2016-2020 National Economic and Social Development Plan (PNDES) constitutes the second generation of plan. It aims to operationalise over the period 2016-2020, the Vision of an emerging and prosperous Guinea by 2040.&nbsp;
",guinea,https://www.aosti-au.org/sites/default/files/Guinea_PNDES_2016_2020_en.pdf,"[""adaptation""]","waste, agriculture",inactive,2025-04-01 05:20:11.157000+00:00
CCLW.document.i00001384.n0000,Directive (EU) 2024/1760 of the European Parliament and of the Council (the 'Corporate Sustainability Due Diligence Directive' or 'CSDDD'),,"Directive (EU) 2024/1760 of the European Parliament and of the Council, more coloquially referred to as the 'Corporate Sustainability Due Diligence Directive' or 'CSDDD', amends Directive (EU) 2019/1937 and Regulation (EU) 2023/2859.&nbsp;
The Directive aims to ensure that companies active within the internal market of the European Union contribute to sustainable development and the green transition, in line with other EU regulations and directives, by establishing reporting, due diligence and transition planning requirements for companies (and their subsidiaries) and upstream suppliers within company value chains.&nbsp;&nbsp;&nbsp;
Article 1 of the Directive sets out the obligation for companies to adopt and implement a transition plan for climate change mitigation. The plan should aim to ensure that the company’s business model and strategy are compatible with limiting global warming to 1.5C, in line with the Paris Agreement.&nbsp;&nbsp;
Article 2 establishes which companies the Directive applies to. Article 5 sets out the due diligence actions Member States must ensure companies comply with, including the integration of due diligence into company policies and risk management systems (in accordance with Article 7), the identification and assessment of actual or potential adverse impacts (in accordance with Article 8 and Article 9, where necessary), and the prevention and mitigation of potential adverse impacts (in accordance with Articles 10 and 11).&nbsp;
Article 22 sets out the Directive’s specific provisions on combatting climate change, elaborating on the transition planning obligations established in Article 1(c). Article 22 determines that company transition plans must include time-bound targets on climate change mitigation measures for 2030 and in five-year periods up to 2050 “based on conclusive scientific evidence” and “where appropriate, absolute emissions reduction targets” for scope 1, 2, and 3 greenhouse gas emissions (Article 22.1(c) of the Directive). Transition plans must also describe the decarbonisation levers and key actions that have been identified to reach the emissions reduction targets, a quantified explanation of the investments and funding that support the implementation of the transition plan, amongst other provisions. Article 22.3 establishes that Member States must ensure that company transition plans are updated every 12 months and contain descriptions of the progress companies have made towards achieving their emissions reduction targets.&nbsp;&nbsp;
Article 36 establishes review and reporting measures on the Directive. By July 2030, the European Commission is obliged to submit a report to the European Parliament and Council on the implementation of the Directive and whether its objectives have effectively been reached. Article 36(e) states that the report must assess whether the rules on combatting climate change set out in the Directive, particularly those on the design of transition plans for climate change mitigation (and their adoption and implementation by companies), and the power of supervisory authorities relating to these rules, need to be revised.&nbsp;&nbsp;
Article 37 sets out the timeline for transposing the Directive, from July 2026 onwards and for applying the transposed measures from July 2027 onwards.&nbsp;
",european union,https://eur-lex.europa.eu/legal-content/EN/TXT/PDF/?uri=OJ:L_202401760,"[""mitigation""]","waste, industry",inactive,2025-02-16 10:48:40.559000+00:00
